product_path,community_path
api/reference,api/api-reference
api/api-tokens,api/api-tokens
api/quickstart,api/quickstart
api/v3-rancher-api-guide,api/v3-rancher-api-guide
api/workflows/projects,api/workflows/projects
contribute-to-rancher,contribute-to-rancher
faq/container-network-interface-providers,faq/container-network-interface-providers
faq/deprecated-features,faq/deprecated-features
faq/dockershim,faq/dockershim
faq/general-faq,faq/general-faq
faq/install-and-configure-kubectl,faq/install-and-configure-kubectl
faq/rancher-is-no-longer-needed,faq/rancher-is-no-longer-needed
faq/security,faq/security
faq/technical-items,faq/technical-items
faq/telemetry,faq/telemetry
installation-and-upgrade/other-installation-methods/air-gapped/upgrades,getting-started/installation-and-upgrade/install-upgrade-on-a-kubernetes-cluster/air-gapped-upgrades
installation-and-upgrade/install-rancher,getting-started/installation-and-upgrade/install-upgrade-on-a-kubernetes-cluster/install-upgrade-on-a-kubernetes-cluster
installation-and-upgrade/hosted-kubernetes/rancher-on-aks,getting-started/installation-and-upgrade/install-upgrade-on-a-kubernetes-cluster/rancher-on-aks
installation-and-upgrade/hosted-kubernetes/rancher-on-amazon-eks,getting-started/installation-and-upgrade/install-upgrade-on-a-kubernetes-cluster/rancher-on-amazon-eks
installation-and-upgrade/hosted-kubernetes/rancher-on-gke,getting-started/installation-and-upgrade/install-upgrade-on-a-kubernetes-cluster/rancher-on-gke
installation-and-upgrade/rollbacks,getting-started/installation-and-upgrade/install-upgrade-on-a-kubernetes-cluster/rollbacks
installation-and-upgrade/troubleshooting/troubleshooting,getting-started/installation-and-upgrade/install-upgrade-on-a-kubernetes-cluster/troubleshooting
security/hardening-guides/upgrade-a-hardened-cluster-to-k8s-v1-25,
installation-and-upgrade/upgrades,getting-started/installation-and-upgrade/install-upgrade-on-a-kubernetes-cluster/upgrades
installation-and-upgrade/installation-and-upgrade,getting-started/installation-and-upgrade/installation-and-upgrade
installation-and-upgrade/references/feature-flags,getting-started/installation-and-upgrade/installation-references/feature-flags
installation-and-upgrade/references/helm-chart-options,getting-started/installation-and-upgrade/installation-references/helm-chart-options
installation-and-upgrade/references/references,getting-started/installation-and-upgrade/installation-references/installation-references
installation-and-upgrade/references/tls-settings,getting-started/installation-and-upgrade/installation-references/tls-settings
installation-and-upgrade/requirements/dockershim,getting-started/installation-and-upgrade/installation-requirements/dockershim
installation-and-upgrade/requirements/install-docker,getting-started/installation-and-upgrade/installation-requirements/install-docker
installation-and-upgrade/requirements/requirements,getting-started/installation-and-upgrade/installation-requirements/installation-requirements
installation-and-upgrade/requirements/port-requirements,getting-started/installation-and-upgrade/installation-requirements/port-requirements
installation-and-upgrade/other-installation-methods/air-gapped/air-gapped,getting-started/installation-and-upgrade/other-installation-methods/air-gapped-helm-cli-install/air-gapped-helm-cli-install
,getting-started/installation-and-upgrade/other-installation-methods/air-gapped-helm-cli-install/docker-install-commands
installation-and-upgrade/other-installation-methods/air-gapped/infrastructure-private-registry,getting-started/installation-and-upgrade/other-installation-methods/air-gapped-helm-cli-install/infrastructure-private-registry
installation-and-upgrade/other-installation-methods/air-gapped/install-kubernetes,getting-started/installation-and-upgrade/other-installation-methods/air-gapped-helm-cli-install/install-kubernetes
installation-and-upgrade/other-installation-methods/air-gapped/install-rancher-ha,getting-started/installation-and-upgrade/other-installation-methods/air-gapped-helm-cli-install/install-rancher-ha
installation-and-upgrade/other-installation-methods/air-gapped/publish-images,getting-started/installation-and-upgrade/other-installation-methods/air-gapped-helm-cli-install/publish-images
installation-and-upgrade/other-installation-methods/other-installation-methods,getting-started/installation-and-upgrade/other-installation-methods/other-installation-methods
installation-and-upgrade/other-installation-methods/http-proxy/install-kubernetes,getting-started/installation-and-upgrade/other-installation-methods/rancher-behind-an-http-proxy/install-kubernetes
installation-and-upgrade/other-installation-methods/http-proxy/install-rancher,getting-started/installation-and-upgrade/other-installation-methods/rancher-behind-an-http-proxy/install-rancher
installation-and-upgrade/other-installation-methods/http-proxy/http-proxy,getting-started/installation-and-upgrade/other-installation-methods/rancher-behind-an-http-proxy/rancher-behind-an-http-proxy
installation-and-upgrade/other-installation-methods/http-proxy/set-up-infrastructure,getting-started/installation-and-upgrade/other-installation-methods/rancher-behind-an-http-proxy/set-up-infrastructure
installation-and-upgrade/troubleshooting/certificate-troubleshooting,getting-started/installation-and-upgrade/other-installation-methods/rancher-on-a-single-node-with-docker/certificate-troubleshooting
,getting-started/installation-and-upgrade/other-installation-methods/rancher-on-a-single-node-with-docker/rancher-on-a-single-node-with-docker
,getting-started/installation-and-upgrade/other-installation-methods/rancher-on-a-single-node-with-docker/roll-back-docker-installed-rancher
,getting-started/installation-and-upgrade/other-installation-methods/rancher-on-a-single-node-with-docker/upgrade-docker-installed-rancher
installation-and-upgrade/resources/tls-secrets,getting-started/installation-and-upgrade/resources/add-tls-secrets
installation-and-upgrade/resources/bootstrap-password,getting-started/installation-and-upgrade/resources/bootstrap-password
,getting-started/installation-and-upgrade/resources/choose-a-rancher-version
installation-and-upgrade/resources/custom-ca-root-certificates,getting-started/installation-and-upgrade/resources/custom-ca-root-certificates
installation-and-upgrade/requirements/helm-version-requirements,getting-started/installation-and-upgrade/resources/helm-version-requirements
installation-and-upgrade/other-installation-methods/air-gapped/local-system-charts,getting-started/installation-and-upgrade/resources/local-system-charts
installation-and-upgrade/resources/resources,getting-started/installation-and-upgrade/resources/resources
installation-and-upgrade/resources/update-rancher-certificate,getting-started/installation-and-upgrade/resources/update-rancher-certificate
installation-and-upgrade/resources/upgrade-cert-manager,getting-started/installation-and-upgrade/resources/upgrade-cert-manager
cluster-admin/backups-and-restore/backups-and-restore,getting-started/installation-and-upgrade/upgrade-and-roll-back-kubernetes
cluster-admin/backups-and-restore/backups-without-uprading-rancher,getting-started/installation-and-upgrade/upgrade-kubernetes-without-upgrading-rancher
about-rancher/overview,getting-started/overview
,getting-started/quick-start-guides/deploy-rancher-manager/aws
installation-and-upgrade/quick-start/deploy-rancher/aws-marketplace,getting-started/quick-start-guides/deploy-rancher-manager/aws-marketplace
,getting-started/quick-start-guides/deploy-rancher-manager/azure
installation-and-upgrade/quick-start/deploy-rancher/deploy-rancher,getting-started/quick-start-guides/deploy-rancher-manager/deploy-rancher-manager
,getting-started/quick-start-guides/deploy-rancher-manager/digitalocean
installation-and-upgrade/quick-start/deploy-rancher/equinix-metal,getting-started/quick-start-guides/deploy-rancher-manager/equinix-metal
,getting-started/quick-start-guides/deploy-rancher-manager/gcp
installation-and-upgrade/quick-start/deploy-rancher/helm-cli,getting-started/quick-start-guides/deploy-rancher-manager/helm-cli
,getting-started/quick-start-guides/deploy-rancher-manager/hetzner-cloud
,getting-started/quick-start-guides/deploy-rancher-manager/linode
,getting-started/quick-start-guides/deploy-rancher-manager/outscale-qs
about-rancher/prime,getting-started/quick-start-guides/deploy-rancher-manager/prime
,getting-started/quick-start-guides/deploy-rancher-manager/vagrant
installation-and-upgrade/quick-start/deploy-workloads/deploy-workloads,getting-started/quick-start-guides/deploy-workloads/deploy-workloads
installation-and-upgrade/quick-start/deploy-workloads/nodeports,getting-started/quick-start-guides/deploy-workloads/nodeports
installation-and-upgrade/quick-start/deploy-workloads/workload-ingress,getting-started/quick-start-guides/deploy-workloads/workload-ingress
installation-and-upgrade/quick-start/quick-start,getting-started/quick-start-guides/quick-start-guides
about-rancher/glossary,glossary
,how-to-guides/advanced-user-guides/advanced-user-guides
security/cis-scans/how-to,how-to-guides/advanced-user-guides/cis-scan-guides/cis-scan-guides
security/cis-scans/configure-alerts-for-periodic-scan-on-a-schedule,how-to-guides/advanced-user-guides/cis-scan-guides/configure-alerts-for-periodic-scan-on-a-schedule
security/cis-scans/create-a-custom-benchmark-version-to-run,how-to-guides/advanced-user-guides/cis-scan-guides/create-a-custom-benchmark-version-to-run
security/cis-scans/enable-alerting-for-rancher-cis-benchmark,how-to-guides/advanced-user-guides/cis-scan-guides/enable-alerting-for-rancher-cis-benchmark
security/cis-scans/install-rancher-cis-benchmark,how-to-guides/advanced-user-guides/cis-scan-guides/install-rancher-cis-benchmark
security/cis-scans/run-a-scan,how-to-guides/advanced-user-guides/cis-scan-guides/run-a-scan
security/cis-scans/run-a-scan-periodically-on-a-schedule,how-to-guides/advanced-user-guides/cis-scan-guides/run-a-scan-periodically-on-a-schedule
security/cis-scans/skip-tests,how-to-guides/advanced-user-guides/cis-scan-guides/skip-tests
security/cis-scans/uninstall-rancher-cis-benchmark,how-to-guides/advanced-user-guides/cis-scan-guides/uninstall-rancher-cis-benchmark
security/cis-scans/view-reports,how-to-guides/advanced-user-guides/cis-scan-guides/view-reports
installation-and-upgrade/infrastructure-setup/configure-layer-7-nginx-load-balancer,how-to-guides/advanced-user-guides/configure-layer-7-nginx-load-balancer
observability/logging/enable-api-audit-log,how-to-guides/advanced-user-guides/enable-api-audit-log
observability/logging/enable-api-audit-log-in-downstream-clusters,how-to-guides/advanced-user-guides/enable-api-audit-log-in-downstream-clusters
rancher-admin/experimental-features/continuous-delivery,how-to-guides/advanced-user-guides/enable-experimental-features/continuous-delivery
rancher-admin/experimental-features/experimental-features,how-to-guides/advanced-user-guides/enable-experimental-features/enable-experimental-features
rancher-admin/experimental-features/istio-traffic-management-features,how-to-guides/advanced-user-guides/enable-experimental-features/istio-traffic-management-features
rancher-admin/experimental-features/rancher-on-arm64,how-to-guides/advanced-user-guides/enable-experimental-features/rancher-on-arm64
rancher-admin/experimental-features/ui-server-side-pagination,how-to-guides/advanced-user-guides/enable-experimental-features/ui-server-side-pagination
rancher-admin/experimental-features/unsupported-storage-drivers,how-to-guides/advanced-user-guides/enable-experimental-features/unsupported-storage-drivers
rancher-admin/users/authn-and-authz/enable-user-retention,how-to-guides/advanced-user-guides/enable-user-retention
observability/istio/guides/enable-istio-in-cluster,how-to-guides/advanced-user-guides/istio-setup-guide/enable-istio-in-cluster
observability/istio/guides/enable-istio-in-namespace,how-to-guides/advanced-user-guides/istio-setup-guide/enable-istio-in-namespace
observability/istio/guides/generate-and-view-traffic,how-to-guides/advanced-user-guides/istio-setup-guide/generate-and-view-traffic
observability/istio/guides/guides,how-to-guides/advanced-user-guides/istio-setup-guide/istio-setup-guide
observability/istio/guides/set-up-istio-gateway,how-to-guides/advanced-user-guides/istio-setup-guide/set-up-istio-gateway
observability/istio/guides/set-up-traffic-management,how-to-guides/advanced-user-guides/istio-setup-guide/set-up-traffic-management
observability/istio/guides/use-istio-sidecar,how-to-guides/advanced-user-guides/istio-setup-guide/use-istio-sidecar
,
cluster-admin/project-admin/project-resource-quotas/resource-quotas-in-projects,how-to-guides/advanced-user-guides/manage-projects/manage-project-resource-quotas/about-project-resource-quotas
cluster-admin/project-admin/project-resource-quotas/project-resource-quotas,how-to-guides/advanced-user-guides/manage-projects/manage-project-resource-quotas/manage-project-resource-quotas
cluster-admin/project-admin/project-resource-quotas/override-default-limit-in-namespaces,how-to-guides/advanced-user-guides/manage-projects/manage-project-resource-quotas/override-default-limit-in-namespaces
cluster-admin/project-admin/project-resource-quotas/resource-quota-types,how-to-guides/advanced-user-guides/manage-projects/manage-project-resource-quotas/resource-quota-types
cluster-admin/project-admin/project-resource-quotas/set-container-default-resource-limits,how-to-guides/advanced-user-guides/manage-projects/manage-project-resource-quotas/set-container-default-resource-limits
cluster-admin/project-admin/project-admin,how-to-guides/advanced-user-guides/manage-projects/manage-projects
observability/monitoring-and-dashboards/customizing-dashboard/create-persistent-grafana-dashboard,how-to-guides/advanced-user-guides/monitoring-alerting-guides/create-persistent-grafana-dashboard
observability/monitoring-and-dashboards/customizing-dashboard/customize-grafana-dashboard,how-to-guides/advanced-user-guides/monitoring-alerting-guides/customize-grafana-dashboard
observability/monitoring-and-dashboards/configuration/debug-high-memory-usage,how-to-guides/advanced-user-guides/monitoring-alerting-guides/debug-high-memory-usage
observability/monitoring-and-dashboards/enable-monitoring,how-to-guides/advanced-user-guides/monitoring-alerting-guides/enable-monitoring
,how-to-guides/advanced-user-guides/monitoring-alerting-guides/monitoring-alerting-guides
observability/monitoring-and-dashboards/prometheus-federator/customize-grafana-dashboards,how-to-guides/advanced-user-guides/monitoring-alerting-guides/prometheus-federator-guides/customize-grafana-dashboards
observability/monitoring-and-dashboards/prometheus-federator/enable-prometheus-federator,how-to-guides/advanced-user-guides/monitoring-alerting-guides/prometheus-federator-guides/enable-prometheus-federator
observability/monitoring-and-dashboards/prometheus-federator/install-project-monitors,how-to-guides/advanced-user-guides/monitoring-alerting-guides/prometheus-federator-guides/project-monitors
,how-to-guides/advanced-user-guides/monitoring-alerting-guides/prometheus-federator-guides/prometheus-federator-guides
observability/monitoring-and-dashboards/prometheus-federator/set-up-workloads,how-to-guides/advanced-user-guides/monitoring-alerting-guides/prometheus-federator-guides/set-up-workloads
observability/monitoring-and-dashboards/prometheus-federator/uninstall-prometheus-federator,how-to-guides/advanced-user-guides/monitoring-alerting-guides/prometheus-federator-guides/uninstall-prometheus-federator
observability/monitoring-and-dashboards/set-up-monitoring-for-workloads,how-to-guides/advanced-user-guides/monitoring-alerting-guides/set-up-monitoring-for-workloads
observability/monitoring-and-dashboards/uninstall-monitoring,how-to-guides/advanced-user-guides/monitoring-alerting-guides/uninstall-monitoring
observability/monitoring-and-dashboards/configuration/advanced/advanced,how-to-guides/advanced-user-guides/monitoring-v2-configuration-guides/advanced-configuration/advanced-configuration
observability/monitoring-and-dashboards/configuration/advanced/alertmanager,how-to-guides/advanced-user-guides/monitoring-v2-configuration-guides/advanced-configuration/alertmanager
observability/monitoring-and-dashboards/configuration/advanced/prometheus,how-to-guides/advanced-user-guides/monitoring-v2-configuration-guides/advanced-configuration/prometheus
observability/monitoring-and-dashboards/configuration/advanced/prometheusrules,how-to-guides/advanced-user-guides/monitoring-v2-configuration-guides/advanced-configuration/prometheusrules
observability/monitoring-and-dashboards/configuration/configuration,how-to-guides/advanced-user-guides/monitoring-v2-configuration-guides/monitoring-v2-configuration-guides
security/open-ports-with-firewalld,how-to-guides/advanced-user-guides/open-ports-with-firewalld
installation-and-upgrade/best-practices/tuning-etcd-for-large-installs,how-to-guides/advanced-user-guides/tune-etcd-for-large-installs
cluster-admin/project-admin/add-users-to-projects,how-to-guides/new-user-guides/add-users-to-projects
rancher-admin/global-configuration/provisioning-drivers/provisioning-drivers,how-to-guides/new-user-guides/authentication-permissions-and-global-configuration/about-provisioning-drivers/about-provisioning-drivers
rancher-admin/global-configuration/provisioning-drivers/manage-cluster-drivers,how-to-guides/new-user-guides/authentication-permissions-and-global-configuration/about-provisioning-drivers/manage-cluster-drivers
rancher-admin/global-configuration/provisioning-drivers/manage-node-drivers,how-to-guides/new-user-guides/authentication-permissions-and-global-configuration/about-provisioning-drivers/manage-node-drivers
rancher-admin/global-configuration/rke1-templates/rke1-templates,how-to-guides/new-user-guides/authentication-permissions-and-global-configuration/about-rke1-templates/about-rke1-templates
rancher-admin/global-configuration/rke1-templates/access-or-share-templates,how-to-guides/new-user-guides/authentication-permissions-and-global-configuration/about-rke1-templates/access-or-share-templates
rancher-admin/global-configuration/rke1-templates/apply-templates,how-to-guides/new-user-guides/authentication-permissions-and-global-configuration/about-rke1-templates/apply-templates
rancher-admin/global-configuration/rke1-templates/creator-permissions,how-to-guides/new-user-guides/authentication-permissions-and-global-configuration/about-rke1-templates/creator-permissions
rancher-admin/global-configuration/rke1-templates/enforce-templates,how-to-guides/new-user-guides/authentication-permissions-and-global-configuration/about-rke1-templates/enforce-templates
rancher-admin/global-configuration/rke1-templates/example-use-cases,how-to-guides/new-user-guides/authentication-permissions-and-global-configuration/about-rke1-templates/example-use-cases
rancher-admin/global-configuration/rke1-templates/infrastructure,how-to-guides/new-user-guides/authentication-permissions-and-global-configuration/about-rke1-templates/infrastructure
rancher-admin/global-configuration/rke1-templates/manage-templates,how-to-guides/new-user-guides/authentication-permissions-and-global-configuration/about-rke1-templates/manage-rke1-templates
rancher-admin/global-configuration/rke1-templates/override-template-settings,how-to-guides/new-user-guides/authentication-permissions-and-global-configuration/about-rke1-templates/override-template-settings
rancher-admin/users/authn-and-authz/authn-and-authz,how-to-guides/new-user-guides/authentication-permissions-and-global-configuration/authentication-config/authentication-config
rancher-admin/users/authn-and-authz/configure-active-directory,how-to-guides/new-user-guides/authentication-permissions-and-global-configuration/authentication-config/configure-active-directory
rancher-admin/users/authn-and-authz/configure-azure-ad,how-to-guides/new-user-guides/authentication-permissions-and-global-configuration/authentication-config/configure-azure-ad
rancher-admin/users/authn-and-authz/configure-freeipa,how-to-guides/new-user-guides/authentication-permissions-and-global-configuration/authentication-config/configure-freeipa
rancher-admin/users/authn-and-authz/configure-generic-oidc,how-to-guides/new-user-guides/authentication-permissions-and-global-configuration/authentication-config/configure-generic-oidc
rancher-admin/users/authn-and-authz/configure-github,how-to-guides/new-user-guides/authentication-permissions-and-global-configuration/authentication-config/configure-github
rancher-admin/users/authn-and-authz/configure-google-oauth,how-to-guides/new-user-guides/authentication-permissions-and-global-configuration/authentication-config/configure-google-oauth
rancher-admin/users/authn-and-authz/configure-keycloak-oidc,how-to-guides/new-user-guides/authentication-permissions-and-global-configuration/authentication-config/configure-keycloak-oidc
rancher-admin/users/authn-and-authz/configure-keycloak-saml,how-to-guides/new-user-guides/authentication-permissions-and-global-configuration/authentication-config/configure-keycloak-saml
rancher-admin/users/authn-and-authz/configure-okta-saml,how-to-guides/new-user-guides/authentication-permissions-and-global-configuration/authentication-config/configure-okta-saml
rancher-admin/users/authn-and-authz/configure-pingidentity,how-to-guides/new-user-guides/authentication-permissions-and-global-configuration/authentication-config/configure-pingidentity
rancher-admin/users/authn-and-authz/create-local-users,how-to-guides/new-user-guides/authentication-permissions-and-global-configuration/authentication-config/create-local-users
rancher-admin/users/authn-and-authz/manage-users-and-groups,how-to-guides/new-user-guides/authentication-permissions-and-global-configuration/authentication-config/manage-users-and-groups
rancher-admin/rancher-admin,how-to-guides/new-user-guides/authentication-permissions-and-global-configuration/authentication-permissions-and-global-configuration
rancher-admin/users/authn-and-authz/microsoft-ad-federation-service-saml/microsoft-ad-federation-service-saml,how-to-guides/new-user-guides/authentication-permissions-and-global-configuration/configure-microsoft-ad-federation-service-saml/configure-microsoft-ad-federation-service-saml
rancher-admin/users/authn-and-authz/microsoft-ad-federation-service-saml/ms-adfs-for-rancher,how-to-guides/new-user-guides/authentication-permissions-and-global-configuration/configure-microsoft-ad-federation-service-saml/configure-ms-adfs-for-rancher
rancher-admin/users/authn-and-authz/microsoft-ad-federation-service-saml/rancher-for-ms-adfs,how-to-guides/new-user-guides/authentication-permissions-and-global-configuration/configure-microsoft-ad-federation-service-saml/configure-rancher-for-ms-adfs
rancher-admin/users/authn-and-authz/openldap/openldap,how-to-guides/new-user-guides/authentication-permissions-and-global-configuration/configure-openldap/configure-openldap
rancher-admin/users/authn-and-authz/openldap/reference,how-to-guides/new-user-guides/authentication-permissions-and-global-configuration/configure-openldap/openldap-config-reference
rancher-admin/users/authn-and-authz/shibboleth-saml/group-permissions,how-to-guides/new-user-guides/authentication-permissions-and-global-configuration/configure-shibboleth-saml/about-group-permissions
rancher-admin/users/authn-and-authz/shibboleth-saml/shibboleth-saml,how-to-guides/new-user-guides/authentication-permissions-and-global-configuration/configure-shibboleth-saml/configure-shibboleth-saml
,
rancher-admin/global-configuration/custom-branding,how-to-guides/new-user-guides/authentication-permissions-and-global-configuration/custom-branding
rancher-admin/global-configuration/global-default-private-registry,how-to-guides/new-user-guides/authentication-permissions-and-global-configuration/global-default-private-registry
rancher-admin/users/authn-and-authz/jwt-authentication,how-to-guides/new-user-guides/authentication-permissions-and-global-configuration/jwt-authentication
rancher-admin/users/authn-and-authz/manage-role-based-access-control-rbac/cluster-and-project-roles,how-to-guides/new-user-guides/authentication-permissions-and-global-configuration/manage-role-based-access-control-rbac/cluster-and-project-roles
rancher-admin/users/authn-and-authz/manage-role-based-access-control-rbac/custom-roles,how-to-guides/new-user-guides/authentication-permissions-and-global-configuration/manage-role-based-access-control-rbac/custom-roles
rancher-admin/users/authn-and-authz/manage-role-based-access-control-rbac/global-permissions,how-to-guides/new-user-guides/authentication-permissions-and-global-configuration/manage-role-based-access-control-rbac/global-permissions
rancher-admin/users/authn-and-authz/manage-role-based-access-control-rbac/locked-roles,how-to-guides/new-user-guides/authentication-permissions-and-global-configuration/manage-role-based-access-control-rbac/locked-roles
rancher-admin/users/authn-and-authz/manage-role-based-access-control-rbac/manage-role-based-access-control-rbac,how-to-guides/new-user-guides/authentication-permissions-and-global-configuration/manage-role-based-access-control-rbac/manage-role-based-access-control-rbac
security/psa-pss,how-to-guides/new-user-guides/authentication-permissions-and-global-configuration/pod-security-standards
security/psact,how-to-guides/new-user-guides/authentication-permissions-and-global-configuration/psa-config-templates
,how-to-guides/new-user-guides/backup-restore-and-disaster-recovery/back-up-docker-installed-rancher
rancher-admin/back-up-restore-and-disaster-recovery/back-up,how-to-guides/new-user-guides/backup-restore-and-disaster-recovery/back-up-rancher
cluster-admin/backups-and-restore/backups,how-to-guides/new-user-guides/backup-restore-and-disaster-recovery/back-up-rancher-launched-kubernetes-clusters
rancher-admin/back-up-restore-and-disaster-recovery/usage-guide,how-to-guides/new-user-guides/backup-restore-and-disaster-recovery/back-up-restore-usage-guide
rancher-admin/back-up-restore-and-disaster-recovery/back-up-restore-and-disaster-recovery,how-to-guides/new-user-guides/backup-restore-and-disaster-recovery/backup-restore-and-disaster-recovery
rancher-admin/back-up-restore-and-disaster-recovery/migrate-to-a-new-cluster,how-to-guides/new-user-guides/backup-restore-and-disaster-recovery/migrate-rancher-to-new-cluster
,how-to-guides/new-user-guides/backup-restore-and-disaster-recovery/restore-docker-installed-rancher
rancher-admin/back-up-restore-and-disaster-recovery/restore,how-to-guides/new-user-guides/backup-restore-and-disaster-recovery/restore-rancher
cluster-admin/backups-and-restore/restore,how-to-guides/new-user-guides/backup-restore-and-disaster-recovery/restore-rancher-launched-kubernetes-clusters-from-backup
cluster-admin/helm-charts-in-rancher/create-apps,how-to-guides/new-user-guides/helm-charts-in-rancher/create-apps
cluster-admin/helm-charts-in-rancher/helm-charts-in-rancher,how-to-guides/new-user-guides/helm-charts-in-rancher/helm-charts-in-rancher
cluster-admin/helm-charts-in-rancher/oci-repositories,how-to-guides/new-user-guides/helm-charts-in-rancher/oci-repositories
installation-and-upgrade/infrastructure-setup/amazon-elb-load-balancer,how-to-guides/new-user-guides/infrastructure-setup/amazon-elb-load-balancer
installation-and-upgrade/infrastructure-setup/ha-k3s-kubernetes-cluster,how-to-guides/new-user-guides/infrastructure-setup/ha-k3s-kubernetes-cluster
installation-and-upgrade/infrastructure-setup/ha-rke1-kubernetes-cluster,how-to-guides/new-user-guides/infrastructure-setup/ha-rke1-kubernetes-cluster
installation-and-upgrade/infrastructure-setup/ha-rke2-kubernetes-cluster,how-to-guides/new-user-guides/infrastructure-setup/ha-rke2-kubernetes-cluster
installation-and-upgrade/infrastructure-setup/infrastructure-setup,how-to-guides/new-user-guides/infrastructure-setup/infrastructure-setup
installation-and-upgrade/infrastructure-setup/mysql-database-in-amazon-rds,how-to-guides/new-user-guides/infrastructure-setup/mysql-database-in-amazon-rds
installation-and-upgrade/infrastructure-setup/nginx-load-balancer,how-to-guides/new-user-guides/infrastructure-setup/nginx-load-balancer
installation-and-upgrade/infrastructure-setup/nodes-in-amazon-ec2,how-to-guides/new-user-guides/infrastructure-setup/nodes-in-amazon-ec2
installation-and-upgrade/best-practices/high-availability-installs,how-to-guides/new-user-guides/kubernetes-cluster-setup/high-availability-installs
installation-and-upgrade/install-kubernetes/k3s-for-rancher,how-to-guides/new-user-guides/kubernetes-cluster-setup/k3s-for-rancher
installation-and-upgrade/install-kubernetes/install-kubernetes,how-to-guides/new-user-guides/kubernetes-cluster-setup/kubernetes-cluster-setup
installation-and-upgrade/install-kubernetes/rke1-for-rancher,how-to-guides/new-user-guides/kubernetes-cluster-setup/rke1-for-rancher
installation-and-upgrade/install-kubernetes/rke2-for-rancher,how-to-guides/new-user-guides/kubernetes-cluster-setup/rke2-for-rancher
cluster-deployment/production-checklist/production-checklist,how-to-guides/new-user-guides/kubernetes-clusters-in-rancher-setup/checklist-for-production-ready-clusters/checklist-for-production-ready-clusters
cluster-deployment/production-checklist/recommended-cluster-architecture,how-to-guides/new-user-guides/kubernetes-clusters-in-rancher-setup/checklist-for-production-ready-clusters/recommended-cluster-architecture
cluster-deployment/production-checklist/roles-for-nodes-in-kubernetes,how-to-guides/new-user-guides/kubernetes-clusters-in-rancher-setup/checklist-for-production-ready-clusters/roles-for-nodes-in-kubernetes
cluster-deployment/cluster-deployment,how-to-guides/new-user-guides/kubernetes-clusters-in-rancher-setup/kubernetes-clusters-in-rancher-setup
cluster-deployment/migrate-to-an-out-of-tree-cloud-provider/amazon,how-to-guides/new-user-guides/kubernetes-clusters-in-rancher-setup/migrate-to-an-out-of-tree-cloud-provider/migrate-to-out-of-tree-amazon
cluster-deployment/migrate-to-an-out-of-tree-cloud-provider/azure,how-to-guides/new-user-guides/kubernetes-clusters-in-rancher-setup/migrate-to-an-out-of-tree-cloud-provider/migrate-to-out-of-tree-azure
cluster-deployment/migrate-to-an-out-of-tree-cloud-provider/vsphere,how-to-guides/new-user-guides/kubernetes-clusters-in-rancher-setup/migrate-to-an-out-of-tree-cloud-provider/migrate-to-out-of-tree-vsphere
cluster-deployment/node-requirements,how-to-guides/new-user-guides/kubernetes-clusters-in-rancher-setup/node-requirements-for-rancher-managed-clusters
cluster-deployment/register-existing-clusters,how-to-guides/new-user-guides/kubernetes-clusters-in-rancher-setup/register-existing-clusters
cluster-deployment/set-up-cloud-providers/amazon,how-to-guides/new-user-guides/kubernetes-clusters-in-rancher-setup/set-up-cloud-providers/amazon
cluster-deployment/set-up-cloud-providers/azure,how-to-guides/new-user-guides/kubernetes-clusters-in-rancher-setup/set-up-cloud-providers/azure
cluster-deployment/set-up-cloud-providers/configure-in-tree-vsphere,how-to-guides/new-user-guides/kubernetes-clusters-in-rancher-setup/set-up-cloud-providers/configure-in-tree-vsphere
cluster-deployment/set-up-cloud-providers/configure-out-of-tree-vsphere,how-to-guides/new-user-guides/kubernetes-clusters-in-rancher-setup/set-up-cloud-providers/configure-out-of-tree-vsphere
cluster-deployment/set-up-cloud-providers/google-compute-engine,how-to-guides/new-user-guides/kubernetes-clusters-in-rancher-setup/set-up-cloud-providers/google-compute-engine
cluster-deployment/set-up-cloud-providers/set-up-cloud-providers,how-to-guides/new-user-guides/kubernetes-clusters-in-rancher-setup/set-up-cloud-providers/set-up-cloud-providers
cluster-deployment/hosted-kubernetes/aks/aks,how-to-guides/new-user-guides/kubernetes-clusters-in-rancher-setup/set-up-clusters-from-hosted-kubernetes-providers/aks
,
cluster-deployment/hosted-kubernetes/eks/eks,how-to-guides/new-user-guides/kubernetes-clusters-in-rancher-setup/set-up-clusters-from-hosted-kubernetes-providers/eks
cluster-deployment/hosted-kubernetes/gke/gke,how-to-guides/new-user-guides/kubernetes-clusters-in-rancher-setup/set-up-clusters-from-hosted-kubernetes-providers/gke
,
cluster-deployment/hosted-kubernetes/hosted-kubernetes,how-to-guides/new-user-guides/kubernetes-clusters-in-rancher-setup/set-up-clusters-from-hosted-kubernetes-providers/set-up-clusters-from-hosted-kubernetes-providers
,
cluster-deployment/custom-clusters/windows/azure-storageclass-configuration,how-to-guides/new-user-guides/kubernetes-clusters-in-rancher-setup/use-windows-clusters/azure-storageclass-configuration
cluster-deployment/custom-clusters/windows/network-requirements-for-host-gateway,how-to-guides/new-user-guides/kubernetes-clusters-in-rancher-setup/use-windows-clusters/network-requirements-for-host-gateway
cluster-deployment/custom-clusters/windows/use-windows-clusters,how-to-guides/new-user-guides/kubernetes-clusters-in-rancher-setup/use-windows-clusters/use-windows-clusters
cluster-deployment/custom-clusters/windows/windows-linux-cluster-feature-parity,how-to-guides/new-user-guides/kubernetes-clusters-in-rancher-setup/use-windows-clusters/windows-linux-cluster-feature-parity
cluster-deployment/custom-clusters/windows/workload-migration-guidance,how-to-guides/new-user-guides/kubernetes-clusters-in-rancher-setup/use-windows-clusters/workload-migration-guidance
cluster-admin/kubernetes-resources/configmaps,how-to-guides/new-user-guides/kubernetes-resources-setup/configmaps
cluster-admin/kubernetes-resources/create-services,how-to-guides/new-user-guides/kubernetes-resources-setup/create-services
security/encrypting-http,how-to-guides/new-user-guides/kubernetes-resources-setup/encrypt-http-communication
cluster-admin/kubernetes-resources/horizontal-pod-autoscaler/about-hpas,how-to-guides/new-user-guides/kubernetes-resources-setup/horizontal-pod-autoscaler/about-hpas
cluster-admin/kubernetes-resources/horizontal-pod-autoscaler/horizontal-pod-autoscaler,how-to-guides/new-user-guides/kubernetes-resources-setup/horizontal-pod-autoscaler/horizontal-pod-autoscaler
cluster-admin/kubernetes-resources/horizontal-pod-autoscaler/manage-hpas-with-kubectl,how-to-guides/new-user-guides/kubernetes-resources-setup/horizontal-pod-autoscaler/manage-hpas-with-kubectl
cluster-admin/kubernetes-resources/horizontal-pod-autoscaler/manage-hpas-with-ui,how-to-guides/new-user-guides/kubernetes-resources-setup/horizontal-pod-autoscaler/manage-hpas-with-ui
cluster-admin/kubernetes-resources/horizontal-pod-autoscaler/test-hpas-with-kubectl,how-to-guides/new-user-guides/kubernetes-resources-setup/horizontal-pod-autoscaler/test-hpas-with-kubectl
cluster-admin/kubernetes-resources/kubernetes-and-docker-registries,how-to-guides/new-user-guides/kubernetes-resources-setup/kubernetes-and-docker-registries
cluster-admin/kubernetes-resources/kubernetes-resources-setup,how-to-guides/new-user-guides/kubernetes-resources-setup/kubernetes-resources-setup
cluster-admin/kubernetes-resources/load-balancer-and-ingress-controller/add-ingresses,how-to-guides/new-user-guides/kubernetes-resources-setup/load-balancer-and-ingress-controller/add-ingresses
cluster-admin/kubernetes-resources/load-balancer-and-ingress-controller/ingress-configuration,how-to-guides/new-user-guides/kubernetes-resources-setup/load-balancer-and-ingress-controller/ingress-configuration
cluster-admin/kubernetes-resources/load-balancer-and-ingress-controller/layer-4-and-layer-7-load-balancing,how-to-guides/new-user-guides/kubernetes-resources-setup/load-balancer-and-ingress-controller/layer-4-and-layer-7-load-balancing
cluster-admin/kubernetes-resources/load-balancer-and-ingress-controller/load-balancer-and-ingress-controller,how-to-guides/new-user-guides/kubernetes-resources-setup/load-balancer-and-ingress-controller/load-balancer-and-ingress-controller
security/secrets-hub,how-to-guides/new-user-guides/kubernetes-resources-setup/secrets
cluster-admin/kubernetes-resources/workloads-and-pods/add-a-sidecar,how-to-guides/new-user-guides/kubernetes-resources-setup/workloads-and-pods/add-a-sidecar
cluster-admin/kubernetes-resources/workloads-and-pods/deploy-workloads,how-to-guides/new-user-guides/kubernetes-resources-setup/workloads-and-pods/deploy-workloads
cluster-admin/kubernetes-resources/workloads-and-pods/roll-back-workloads,how-to-guides/new-user-guides/kubernetes-resources-setup/workloads-and-pods/roll-back-workloads
cluster-admin/kubernetes-resources/workloads-and-pods/upgrade-workloads,how-to-guides/new-user-guides/kubernetes-resources-setup/workloads-and-pods/upgrade-workloads
cluster-admin/kubernetes-resources/workloads-and-pods/workloads-and-pods,how-to-guides/new-user-guides/kubernetes-resources-setup/workloads-and-pods/workloads-and-pods
cluster-deployment/about-rancher-agents,how-to-guides/new-user-guides/launch-kubernetes-with-rancher/about-rancher-agents
cluster-deployment/launch-kubernetes-with-rancher,how-to-guides/new-user-guides/launch-kubernetes-with-rancher/launch-kubernetes-with-rancher
cluster-deployment/rke1-vs-rke2,how-to-guides/new-user-guides/launch-kubernetes-with-rancher/rke1-vs-rke2-differences
cluster-deployment/infra-providers/digitalocean/digitalocean,how-to-guides/new-user-guides/launch-kubernetes-with-rancher/use-new-nodes-in-an-infra-provider/create-a-digitalocean-cluster
cluster-deployment/infra-providers/aws/aws,how-to-guides/new-user-guides/launch-kubernetes-with-rancher/use-new-nodes-in-an-infra-provider/create-an-amazon-ec2-cluster
cluster-deployment/infra-providers/azure/azure,how-to-guides/new-user-guides/launch-kubernetes-with-rancher/use-new-nodes-in-an-infra-provider/create-an-azure-cluster
cluster-deployment/infra-providers/nutanix/nutanix,how-to-guides/new-user-guides/launch-kubernetes-with-rancher/use-new-nodes-in-an-infra-provider/nutanix/nutanix
cluster-deployment/infra-providers/nutanix/provision-kubernetes-clusters-in-aos,how-to-guides/new-user-guides/launch-kubernetes-with-rancher/use-new-nodes-in-an-infra-provider/nutanix/provision-kubernetes-clusters-in-aos
cluster-deployment/infra-providers/infra-providers,how-to-guides/new-user-guides/launch-kubernetes-with-rancher/use-new-nodes-in-an-infra-provider/use-new-nodes-in-an-infra-provider
cluster-deployment/infra-providers/vsphere/create-a-vm-template,how-to-guides/new-user-guides/launch-kubernetes-with-rancher/use-new-nodes-in-an-infra-provider/vsphere/create-a-vm-template
cluster-deployment/infra-providers/vsphere/create-credentials,how-to-guides/new-user-guides/launch-kubernetes-with-rancher/use-new-nodes-in-an-infra-provider/vsphere/create-credentials
cluster-deployment/infra-providers/vsphere/provision-kubernetes-clusters-in-vsphere,how-to-guides/new-user-guides/launch-kubernetes-with-rancher/use-new-nodes-in-an-infra-provider/vsphere/provision-kubernetes-clusters-in-vsphere
cluster-deployment/infra-providers/vsphere/shutdown-vm,how-to-guides/new-user-guides/launch-kubernetes-with-rancher/use-new-nodes-in-an-infra-provider/vsphere/shutdown-vm
cluster-deployment/infra-providers/vsphere/vsphere,how-to-guides/new-user-guides/launch-kubernetes-with-rancher/use-new-nodes-in-an-infra-provider/vsphere/vsphere
cluster-admin/manage-clusters/access-clusters/access-clusters,how-to-guides/new-user-guides/manage-clusters/access-clusters/access-clusters
cluster-admin/manage-clusters/access-clusters/add-users-to-clusters,how-to-guides/new-user-guides/manage-clusters/access-clusters/add-users-to-clusters
cluster-admin/manage-clusters/access-clusters/authorized-cluster-endpoint,how-to-guides/new-user-guides/manage-clusters/access-clusters/authorized-cluster-endpoint
cluster-admin/manage-clusters/access-clusters/use-kubectl-and-kubeconfig,how-to-guides/new-user-guides/manage-clusters/access-clusters/use-kubectl-and-kubeconfig
,
,
cluster-admin/manage-clusters/clean-cluster-nodes,how-to-guides/new-user-guides/manage-clusters/clean-cluster-nodes
cluster-admin/manage-clusters/persistent-storage/manage-persistent-storage,how-to-guides/new-user-guides/manage-clusters/create-kubernetes-persistent-storage/create-kubernetes-persistent-storage
cluster-admin/manage-clusters/persistent-storage/about-glusterfs-volumes,how-to-guides/new-user-guides/manage-clusters/create-kubernetes-persistent-storage/manage-persistent-storage/about-glusterfs-volumes
cluster-admin/manage-clusters/persistent-storage/about-persistent-storage,how-to-guides/new-user-guides/manage-clusters/create-kubernetes-persistent-storage/manage-persistent-storage/about-persistent-storage
cluster-admin/manage-clusters/persistent-storage/dynamically-provision-new-storage,how-to-guides/new-user-guides/manage-clusters/create-kubernetes-persistent-storage/manage-persistent-storage/dynamically-provision-new-storage
cluster-admin/manage-clusters/persistent-storage/install-iscsi-volumes,how-to-guides/new-user-guides/manage-clusters/create-kubernetes-persistent-storage/manage-persistent-storage/install-iscsi-volumes
cluster-admin/manage-clusters/persistent-storage/set-up-existing-storage,how-to-guides/new-user-guides/manage-clusters/create-kubernetes-persistent-storage/manage-persistent-storage/set-up-existing-storage
cluster-admin/manage-clusters/persistent-storage/use-external-ceph-driver,how-to-guides/new-user-guides/manage-clusters/create-kubernetes-persistent-storage/manage-persistent-storage/use-external-ceph-driver
cluster-admin/manage-clusters/install-cluster-autoscaler/install-cluster-autoscaler,how-to-guides/new-user-guides/manage-clusters/install-cluster-autoscaler/install-cluster-autoscaler
cluster-admin/manage-clusters/install-cluster-autoscaler/use-aws-ec2-auto-scaling-groups,how-to-guides/new-user-guides/manage-clusters/install-cluster-autoscaler/use-aws-ec2-auto-scaling-groups
cluster-admin/manage-clusters/cluster-templates,how-to-guides/new-user-guides/manage-clusters/manage-cluster-templates
cluster-admin/manage-clusters/manage-clusters,how-to-guides/new-user-guides/manage-clusters/manage-clusters
cluster-admin/manage-clusters/nodes-and-node-pools,how-to-guides/new-user-guides/manage-clusters/nodes-and-node-pools
cluster-admin/manage-clusters/projects-and-namespaces,how-to-guides/new-user-guides/manage-clusters/projects-and-namespaces
cluster-admin/manage-clusters/persistent-storage/examples/nfs-storage,how-to-guides/new-user-guides/manage-clusters/provisioning-storage-examples/nfs-storage
cluster-admin/manage-clusters/persistent-storage/examples/persistent-storage-in-amazon-ebs,how-to-guides/new-user-guides/manage-clusters/provisioning-storage-examples/persistent-storage-in-amazon-ebs
cluster-admin/manage-clusters/persistent-storage/examples/examples,how-to-guides/new-user-guides/manage-clusters/provisioning-storage-examples/provisioning-storage-examples
cluster-admin/manage-clusters/persistent-storage/examples/vsphere-storage,how-to-guides/new-user-guides/manage-clusters/provisioning-storage-examples/vsphere-storage
cluster-admin/manage-clusters/rotate-certificates,how-to-guides/new-user-guides/manage-clusters/rotate-certificates
cluster-admin/manage-clusters/rotate-encryption-key,how-to-guides/new-user-guides/manage-clusters/rotate-encryption-key
cluster-admin/namespaces,how-to-guides/new-user-guides/manage-namespaces
,how-to-guides/new-user-guides/new-user-guides
security/cis-scans/cis-scans,integrations-in-rancher/cis-scans/cis-scans
security/cis-scans/configuration-reference,integrations-in-rancher/cis-scans/configuration-reference
security/cis-scans/custom-benchmark,integrations-in-rancher/cis-scans/custom-benchmark
security/cis-scans/rbac-for-cis-scans,integrations-in-rancher/cis-scans/rbac-for-cis-scans
security/cis-scans/skipped-and-not-applicable-tests,integrations-in-rancher/cis-scans/skipped-and-not-applicable-tests
installation-and-upgrade/hosted-kubernetes/cloud-marketplace/aws/adapter-requirements,integrations-in-rancher/cloud-marketplace/aws-cloud-marketplace/adapter-requirements
installation-and-upgrade/hosted-kubernetes/cloud-marketplace/aws/aws,integrations-in-rancher/cloud-marketplace/aws-cloud-marketplace/aws-cloud-marketplace
installation-and-upgrade/hosted-kubernetes/cloud-marketplace/aws/common-issues,integrations-in-rancher/cloud-marketplace/aws-cloud-marketplace/common-issues
installation-and-upgrade/hosted-kubernetes/cloud-marketplace/aws/install-adapter,integrations-in-rancher/cloud-marketplace/aws-cloud-marketplace/install-adapter
installation-and-upgrade/hosted-kubernetes/cloud-marketplace/aws/uninstall-adapter,integrations-in-rancher/cloud-marketplace/aws-cloud-marketplace/uninstall-adapter
installation-and-upgrade/hosted-kubernetes/cloud-marketplace/cloud-marketplace,integrations-in-rancher/cloud-marketplace/cloud-marketplace
installation-and-upgrade/hosted-kubernetes/cloud-marketplace/supportconfig,integrations-in-rancher/cloud-marketplace/supportconfig
integrations/cluster-api/cluster-api,integrations-in-rancher/cluster-api/cluster-api
integrations/cluster-api/overview,integrations-in-rancher/cluster-api/overview
integrations/elemental,integrations-in-rancher/elemental/elemental
integrations/fleet/architecture,integrations-in-rancher/fleet/architecture
integrations/fleet/fleet,integrations-in-rancher/fleet/fleet
integrations/fleet/overview,integrations-in-rancher/fleet/overview
integrations/fleet/use-fleet-behind-a-proxy,integrations-in-rancher/fleet/use-fleet-behind-a-proxy
integrations/fleet/windows-support,integrations-in-rancher/fleet/windows-support
integrations/harvester/harvester,integrations-in-rancher/harvester/harvester
integrations/harvester/overview,integrations-in-rancher/harvester/overview
integrations/integrations,integrations-in-rancher/integrations-in-rancher
observability/istio/configuration/configuration,integrations-in-rancher/istio/configuration-options/configuration-options
observability/istio/configuration/install-istio-on-rke2-cluster,integrations-in-rancher/istio/configuration-options/install-istio-on-rke2-cluster
,
observability/istio/configuration/project-network-isolation,integrations-in-rancher/istio/configuration-options/project-network-isolation
observability/istio/configuration/selectors-and-scrape-configurations,integrations-in-rancher/istio/configuration-options/selectors-and-scrape-configurations
observability/istio/cpu-and-memory-allocations,integrations-in-rancher/istio/cpu-and-memory-allocations
observability/istio/disable-istio,integrations-in-rancher/istio/disable-istio
observability/istio/istio,integrations-in-rancher/istio/istio
observability/istio/rbac,integrations-in-rancher/istio/rbac-for-istio
integrations/kubernetes-distributions,integrations-in-rancher/kubernetes-distributions/kubernetes-distributions
integrations/kubewarden,integrations-in-rancher/kubewarden/kubewarden
,integrations-in-rancher/logging/custom-resource-configuration/custom-resource-configuration
observability/logging/custom-resource-configuration/flows-and-clusterflows,integrations-in-rancher/logging/custom-resource-configuration/flows-and-clusterflows
observability/logging/custom-resource-configuration/outputs-and-clusteroutputs,integrations-in-rancher/logging/custom-resource-configuration/outputs-and-clusteroutputs
observability/logging/logging,integrations-in-rancher/logging/logging
observability/logging/logging-architecture,integrations-in-rancher/logging/logging-architecture
observability/logging/logging-helm-chart-options,integrations-in-rancher/logging/logging-helm-chart-options
observability/logging/rbac-for-logging,integrations-in-rancher/logging/rbac-for-logging
observability/logging/taints-and-tolerations,integrations-in-rancher/logging/taints-and-tolerations
integrations/longhorn/longhorn,integrations-in-rancher/longhorn/longhorn
integrations/longhorn/overview,integrations-in-rancher/longhorn/overview
observability/monitoring-and-dashboards/built-in-dashboards,integrations-in-rancher/monitoring-and-alerting/built-in-dashboards
observability/monitoring-and-dashboards/how-monitoring-works,integrations-in-rancher/monitoring-and-alerting/how-monitoring-works
observability/monitoring-and-dashboards/monitoring-and-dashboards,integrations-in-rancher/monitoring-and-alerting/monitoring-and-alerting
observability/monitoring-and-dashboards/promql-expressions,integrations-in-rancher/monitoring-and-alerting/promql-expressions
observability/monitoring-and-dashboards/rbac-for-monitoring,integrations-in-rancher/monitoring-and-alerting/rbac-for-monitoring
observability/monitoring-and-dashboards/windows-support,integrations-in-rancher/monitoring-and-alerting/windows-support
integrations/neuvector/neuvector,integrations-in-rancher/neuvector/neuvector
integrations/neuvector/overview,integrations-in-rancher/neuvector/overview
,
integrations/rancher-desktop,integrations-in-rancher/rancher-desktop
integrations/rancher-extensions,integrations-in-rancher/rancher-extensions
integrations/suse-observability,integrations-in-rancher/suse-observability/suse-observability
about-rancher/what-is-rancher,rancher-manager
rancher-admin/back-up-restore-and-disaster-recovery/configuration/backup,reference-guides/backup-restore-configuration/backup-configuration
,reference-guides/backup-restore-configuration/backup-restore-configuration
rancher-admin/back-up-restore-and-disaster-recovery/configuration/examples,reference-guides/backup-restore-configuration/examples
rancher-admin/back-up-restore-and-disaster-recovery/configuration/restore,reference-guides/backup-restore-configuration/restore-configuration
rancher-admin/back-up-restore-and-disaster-recovery/configuration/storage,reference-guides/backup-restore-configuration/storage-configuration
installation-and-upgrade/best-practices/resources,reference-guides/best-practices/best-practices
cluster-admin/best-practices/disconnected-clusters,reference-guides/best-practices/rancher-managed-clusters/disconnected-clusters
observability/logging/best-practices,reference-guides/best-practices/rancher-managed-clusters/logging-best-practices
observability/monitoring-and-dashboards/best-practices,reference-guides/best-practices/rancher-managed-clusters/monitoring-best-practices
,reference-guides/best-practices/rancher-managed-clusters/rancher-managed-clusters
cluster-deployment/infra-providers/vsphere/best-practices,reference-guides/best-practices/rancher-managed-clusters/rancher-managed-clusters-in-vsphere
cluster-deployment/production-checklist/tips-to-set-up-containers,reference-guides/best-practices/rancher-managed-clusters/tips-to-set-up-containers
installation-and-upgrade/best-practices/rancher-on-vsphere,reference-guides/best-practices/rancher-server/on-premises-rancher-in-vsphere
installation-and-upgrade/best-practices/deployment-strategy,reference-guides/best-practices/rancher-server/rancher-deployment-strategy
installation-and-upgrade/best-practices/best-practices,reference-guides/best-practices/rancher-server/rancher-server
installation-and-upgrade/best-practices/tips-for-running-rancher,reference-guides/best-practices/rancher-server/tips-for-running-rancher
installation-and-upgrade/best-practices/tuning-rancher-at-scale,reference-guides/best-practices/rancher-server/tuning-and-best-practices-for-rancher-at-scale
,reference-guides/cli-with-rancher/cli-with-rancher
rancher-admin/cli/kubectl,reference-guides/cli-with-rancher/kubectl-utility
rancher-admin/cli/rancher-cli,reference-guides/cli-with-rancher/rancher-cli
,reference-guides/cluster-configuration/cluster-configuration
,reference-guides/cluster-configuration/downstream-cluster-configuration/downstream-cluster-configuration
cluster-deployment/infra-providers/aws/machine-configuration,reference-guides/cluster-configuration/downstream-cluster-configuration/machine-configuration/amazon-ec2
cluster-deployment/infra-providers/azure/machine-configuration,reference-guides/cluster-configuration/downstream-cluster-configuration/machine-configuration/azure
cluster-deployment/infra-providers/digitalocean/machine-configuration,reference-guides/cluster-configuration/downstream-cluster-configuration/machine-configuration/digitalocean
,reference-guides/cluster-configuration/downstream-cluster-configuration/machine-configuration/machine-configuration
cluster-deployment/infra-providers/aws/node-template-configuration,reference-guides/cluster-configuration/downstream-cluster-configuration/node-template-configuration/amazon-ec2
cluster-deployment/infra-providers/azure/node-template-configuration,reference-guides/cluster-configuration/downstream-cluster-configuration/node-template-configuration/azure
cluster-deployment/infra-providers/digitalocean/node-template-configuration,reference-guides/cluster-configuration/downstream-cluster-configuration/node-template-configuration/digitalocean
,reference-guides/cluster-configuration/downstream-cluster-configuration/node-template-configuration/node-template-configuration
cluster-deployment/infra-providers/nutanix/node-template-configuration,reference-guides/cluster-configuration/downstream-cluster-configuration/node-template-configuration/nutanix
cluster-deployment/infra-providers/vsphere/node-template-configuration,reference-guides/cluster-configuration/downstream-cluster-configuration/node-template-configuration/vsphere
cluster-deployment/hosted-kubernetes/aks/configuration,reference-guides/cluster-configuration/rancher-server-configuration/aks-cluster-configuration
cluster-deployment/hosted-kubernetes/eks/configuration,reference-guides/cluster-configuration/rancher-server-configuration/eks-cluster-configuration
cluster-deployment/hosted-kubernetes/gke/configuration,reference-guides/cluster-configuration/rancher-server-configuration/gke-cluster-configuration/gke-cluster-configuration
cluster-deployment/hosted-kubernetes/gke/private-clusters,reference-guides/cluster-configuration/rancher-server-configuration/gke-cluster-configuration/gke-private-clusters
cluster-deployment/configuration/k3s,reference-guides/cluster-configuration/rancher-server-configuration/k3s-cluster-configuration
,reference-guides/cluster-configuration/rancher-server-configuration/rancher-server-configuration
cluster-deployment/configuration/rke1,reference-guides/cluster-configuration/rancher-server-configuration/rke1-cluster-configuration
cluster-deployment/configuration/rke2,reference-guides/cluster-configuration/rancher-server-configuration/rke2-cluster-configuration
cluster-deployment/hosted-kubernetes/sync-clusters,reference-guides/cluster-configuration/rancher-server-configuration/sync-clusters
cluster-deployment/custom-clusters/rancher-agent-options,reference-guides/cluster-configuration/rancher-server-configuration/use-existing-nodes/rancher-agent-options
cluster-deployment/custom-clusters/custom-clusters,reference-guides/cluster-configuration/rancher-server-configuration/use-existing-nodes/use-existing-nodes
about-rancher/concepts,reference-guides/kubernetes-concepts
observability/monitoring-and-dashboards/configuration/examples,reference-guides/monitoring-v2-configuration/examples
observability/monitoring-and-dashboards/configuration/helm-chart-options,reference-guides/monitoring-v2-configuration/helm-chart-options
,reference-guides/monitoring-v2-configuration/monitoring-v2-configuration
observability/monitoring-and-dashboards/configuration/receivers,reference-guides/monitoring-v2-configuration/receivers
observability/monitoring-and-dashboards/configuration/routes,reference-guides/monitoring-v2-configuration/routes
observability/monitoring-and-dashboards/configuration/servicemonitors-and-podmonitors,reference-guides/monitoring-v2-configuration/servicemonitors-and-podmonitors
observability/monitoring-and-dashboards/prometheus-federator/prometheus-federator,reference-guides/prometheus-federator/prometheus-federator
observability/monitoring-and-dashboards/prometheus-federator/rbac,reference-guides/prometheus-federator/rbac
observability/rancher-cluster-tools,reference-guides/rancher-cluster-tools
about-rancher/architecture/recommendations,reference-guides/rancher-manager-architecture/architecture-recommendations
about-rancher/architecture/communicating-with-downstream-clusters,reference-guides/rancher-manager-architecture/communicating-with-downstream-user-clusters
about-rancher/architecture/architecture,reference-guides/rancher-manager-architecture/rancher-manager-architecture
about-rancher/architecture/rancher-server-and-components,reference-guides/rancher-manager-architecture/rancher-server-and-components
observability/rancher-project-tools,reference-guides/rancher-project-tools
security/hardening-guides/hardening-guides,reference-guides/rancher-security/hardening-guides/hardening-guides
security/hardening-guides/k3s/k3s,reference-guides/rancher-security/hardening-guides/k3s-hardening-guide/k3s-hardening-guide
,
,
security/hardening-guides/k3s/self-assessment-guide-with-cis-v1.7-k8s-v1.25-v1.26-v1.27,reference-guides/rancher-security/hardening-guides/k3s-hardening-guide/k3s-self-assessment-guide-with-cis-v1.7-k8s-v1.25-v1.26-v1.27
security/hardening-guides/rke1/rke1,reference-guides/rancher-security/hardening-guides/rke1-hardening-guide/rke1-hardening-guide
,
,
security/hardening-guides/rke1/self-assessment-guide-with-cis-v1.7-k8s-v1.25-v1.26-v1.27,reference-guides/rancher-security/hardening-guides/rke1-hardening-guide/rke1-self-assessment-guide-with-cis-v1.7-k8s-v1.25-v1.26-v1.27
security/hardening-guides/rke2/rke2,reference-guides/rancher-security/hardening-guides/rke2-hardening-guide/rke2-hardening-guide
,
,
security/hardening-guides/rke2/self-assessment-guide-with-cis-v1.7-k8s-v1.25-v1.26-v1.27,reference-guides/rancher-security/hardening-guides/rke2-hardening-guide/rke2-self-assessment-guide-with-cis-v1.7-k8s-v1.25-v1.26-v1.27
security/kubernetes-security-best-practices,reference-guides/rancher-security/kubernetes-security-best-practices
security/sample-psact,reference-guides/rancher-security/psa-restricted-exemptions
security/security-overview,reference-guides/rancher-security/rancher-security
security/rancher-security-best-practices,reference-guides/rancher-security/rancher-security-best-practices
security/rancher-webhook/hardening,reference-guides/rancher-security/rancher-webhook-hardening
security/cves,reference-guides/rancher-security/security-advisories-and-cves
security/selinux-rpm/about-rancher-selinux,reference-guides/rancher-security/selinux-rpm/about-rancher-selinux
security/selinux-rpm/about-rke2-selinux,reference-guides/rancher-security/selinux-rpm/about-rke2-selinux
security/selinux-rpm/selinux-rpm,reference-guides/rancher-security/selinux-rpm/selinux-rpm
security/rancher-webhook/rancher-webhook,reference-guides/rancher-webhook
rancher-admin/global-configuration/rke1-templates/template-example-yaml,reference-guides/rke1-template-example-yaml
,reference-guides/single-node-rancher-in-docker/advanced-options
,reference-guides/single-node-rancher-in-docker/http-proxy-configuration
,reference-guides/single-node-rancher-in-docker/single-node-rancher-in-docker
,reference-guides/system-tools
rancher-admin/users/settings/api-keys,reference-guides/user-settings/api-keys
rancher-admin/users/settings/manage-cloud-credentials,reference-guides/user-settings/manage-cloud-credentials
rancher-admin/users/settings/manage-node-templates,reference-guides/user-settings/manage-node-templates
rancher-admin/users/settings/user-preferences,reference-guides/user-settings/user-preferences
rancher-admin/users/settings/settings,reference-guides/user-settings/user-settings
release-notes,
,
troubleshooting/general-troubleshooting,troubleshooting/general-troubleshooting
troubleshooting/kubernetes-components/kubernetes-components,troubleshooting/kubernetes-components/kubernetes-components
troubleshooting/kubernetes-components/troubleshooting-controlplane-nodes,troubleshooting/kubernetes-components/troubleshooting-controlplane-nodes
troubleshooting/kubernetes-components/troubleshooting-etcd-nodes,troubleshooting/kubernetes-components/troubleshooting-etcd-nodes
troubleshooting/kubernetes-components/troubleshooting-nginx-proxy,troubleshooting/kubernetes-components/troubleshooting-nginx-proxy
troubleshooting/kubernetes-components/troubleshooting-worker-nodes-and-generic-components,troubleshooting/kubernetes-components/troubleshooting-worker-nodes-and-generic-components
troubleshooting/other-troubleshooting-tips/dns,troubleshooting/other-troubleshooting-tips/dns
security/rancher-webhook/expired-webhook-certificate-rotation,troubleshooting/other-troubleshooting-tips/expired-webhook-certificate-rotation
troubleshooting/other-troubleshooting-tips/kubernetes-resources,troubleshooting/other-troubleshooting-tips/kubernetes-resources
observability/logging/troubleshooting,troubleshooting/other-troubleshooting-tips/logging
troubleshooting/other-troubleshooting-tips/networking,troubleshooting/other-troubleshooting-tips/networking
installation-and-upgrade/troubleshooting/rancher-ha,troubleshooting/other-troubleshooting-tips/rancher-ha
cluster-deployment/register-existing-clusters-troubleshooting,troubleshooting/other-troubleshooting-tips/registered-clusters
troubleshooting/other-troubleshooting-tips/user-id-tracking-in-audit-logs,troubleshooting/other-troubleshooting-tips/user-id-tracking-in-audit-logs